occupied_rate,series,success
0.0,Static (random),1
0.0,Reconfigurable (random),1
0.0,Static (fragmented),1
0.0,Reconfigurable (fragmented),1
0.0,Static (concentrated),1
0.0,Reconfigurable (concentrated),1
0.1,Static (random),0.0264
0.1,Reconfigurable (random),1
0.1,Static (fragmented),0
0.1,Reconfigurable (fragmented),1
0.1,Static (concentrated),1
0.1,Reconfigurable (concentrated),1
0.2,Static (random),0.0002
0.2,Reconfigurable (random),1
0.2,Static (fragmented),0
0.2,Reconfigurable (fragmented),1
0.2,Static (concentrated),1
0.2,Reconfigurable (concentrated),1
0.3,Static (random),0
0.3,Reconfigurable (random),1
0.3,Static (fragmented),0
0.3,Reconfigurable (fragmented),1
0.3,Static (concentrated),1
0.3,Reconfigurable (concentrated),1
0.4,Static (random),0
0.4,Reconfigurable (random),1
0.4,Static (fragmented),0
0.4,Reconfigurable (fragmented),1
0.4,Static (concentrated),1
0.4,Reconfigurable (concentrated),1
0.5,Static (random),0
0.5,Reconfigurable (random),1
0.5,Static (fragmented),0
0.5,Reconfigurable (fragmented),1
0.5,Static (concentrated),1
0.5,Reconfigurable (concentrated),1
0.6,Static (random),0
0.6,Reconfigurable (random),0
0.6,Static (fragmented),0
0.6,Reconfigurable (fragmented),0
0.6,Static (concentrated),0
0.6,Reconfigurable (concentrated),0
0.7,Static (random),0
0.7,Reconfigurable (random),0
0.7,Static (fragmented),0
0.7,Reconfigurable (fragmented),0
0.7,Static (concentrated),0
0.7,Reconfigurable (concentrated),0
